"1","2500","539"
"2","3122","1973"
"3","1387","2446"
"4","3708","2049"
"5","1591","1268"
"6","3119","3242"
"7","2286","284"
"8","1140","1068"
"9","3937","1211"
"10","1545","2694"
"11","2613","1111"
"12","470","2070"
"13","3762","1422"
"14","3486","1626"
"15","2646","66"
"16","3235","3975"
"17","2943","2721"
"18","97","3047"
"19","444","3701"
"20","1134","3035"
"21","3740","645"
"22","3362","963"
"23","1775","2257"
"24","1826","991"
"25","1349","3718"
"26","2205","810"
"27","982","339"
"28","2757","3907"
"29","738","2963"
"30","430","2622"
"31","1905","3708"
"32","980","1314"
"33","1176","2419"
"34","2578","1592"
"35","3028","2929"
"36","589","94"
"37","3703","1912"
"38","3295","3355"
"39","3045","2217"
"40","1679","1391"
"41","2123","3388"
"42","1135","2591"
"43","1691","3603"
"44","2937","733"
"45","424","699"
"46","2484","3829"
"47","3883","2792"
"48","1493","1986"
"49","1837","2033"
"50","348","2545"
"51","1285","2310"
"52","2357","3630"
"53","1735","2729"
"54","1872","3897"
"55","843","883"
"56","3328","803"
"57","3040","3130"
"58","3588","605"
"59","354","1742"
"60","528","3846"
"61","3233","1052"
"62","3148","2759"
"63","3842","2908"
"64","1020","1294"
"65","3210","1050"
"66","1081","3955"
"67","879","1112"
"68","2437","2956"
"69","3982","668"
"70","3723","3337"
"71","3993","2905"
"72","2161","1297"
"73","178","3258"
"74","1483","1082"
"75","2618","2870"
"76","2840","899"
"77","3919","2158"
"78","2056","3515"
"79","3560","3479"
"80","2997","480"
"81","1246","2632"
"82","942","320"
"83","3095","2673"
"84","3443","1860"
"85","3156","2408"
"86","988","2975"
"87","3177","2900"
"88","3032","1287"
"89","2882","1800"
"90","3488","801"
"91","2334","1747"
"92","925","4"
"93","2793","2477"
"94","197","3003"
"95","604","2784"
"96","1365","591"
"97","1650","430"
"98","3585","2004"
"99","271","692"
"100","3520","1228"
"101","1366","159"
"102","67","2083"
"103","2915","2130"
"104","404","1668"
"105","1642","2659"
"106","2886","795"
"107","1750","3056"
"108","2920","3824"
"109","894","8"
"110","1008","451"
"111","2343","3758"
"112","3547","1004"
"113","3207","1477"
"114","3743","1643"
"115","2792","3843"
"116","1708","2289"
"117","437","195"
"118","1326","2629"
"119","2343","3155"
"120","529","614"
"121","2963","626"
"122","740","1284"
"123","283","3550"
"124","1572","2551"
"125","1307","497"
"126","3408","3015"
"127","3177","1034"
"128","2527","105"
"129","3405","1907"
"130","935","3314"
"131","3490","652"
"132","2511","2264"
"133","1021","969"
"134","878","1260"
"135","432","2365"
"136","2650","3456"
"137","2430","190"
"138","1698","3816"
"139","2134","849"
"140","686","1545"
"141","784","743"
"142","1744","3730"
"143","3864","541"
"144","3989","1918"
"145","1735","2836"
"146","1592","2264"
"147","3881","3360"
"148","2882","41"
"149","1192","998"
"150","166","1453"
"151","1029","2012"
"152","1516","3020"
"153","3983","134"
"154","631","369"
"155","104","3493"
"156","3274","3310"
"157","1732","51"
"158","847","1985"
"159","1085","1104"
"160","2687","1515"
"161","1367","3898"
"162","2811","1942"
"163","2299","346"
"164","968","2923"
"165","521","1719"
"166","675","218"
"167","1943","3622"
"168","860","314"
"169","2407","3791"
"170","609","3963"
"171","891","1040"
"172","1057","1630"
"173","3492","3507"
"174","3490","3301"
"175","2800","2671"
"176","107","1231"
"177","2723","367"
"178","1471","3356"
"179","3868","1894"
"180","1315","404"
"181","505","203"
"182","2379","2000"
"183","996","3263"
"184","1694","3791"
"185","1275","1332"
"186","3988","2735"
"187","690","2204"
"188","2873","2632"
"189","3892","2998"
"190","3759","1943"
"191","3520","2216"
"192","1428","3219"
"193","2235","2153"
"194","2111","1535"
"195","2432","860"
"196","1666","2490"
"197","3285","1492"
"198","508","2348"
"199","1146","3392"
"200","2330","3919"
"201","143","3048"
"202","1222","2478"
"203","1400","506"
"204","2574","882"
"205","658","2631"
"206","1489","355"
"207","1592","763"
"208","3050","3184"
"209","111","772"
"210","3815","1670"
"211","884","1551"
"212","3503","2604"
"213","1177","2288"
"214","3756","1590"
"215","3061","2835"
"216","3795","3574"
"217","3304","1977"
"218","2116","3899"
"219","3648","2795"
"220","807","2071"
"221","3084","406"
"222","147","2018"
"223","3176","1701"
"224","678","1314"
"225","1684","2946"
"226","358","1441"
"227","2040","3297"
"228","1134","1493"
"229","3306","2525"
"230","3034","169"
"231","3867","1621"
"232","3065","3870"
"233","296","1112"
"234","3353","1822"
"235","3870","2969"
"236","1851","2580"
"237","3672","1659"
"238","2271","3716"
"239","1105","2923"
"240","3563","2724"
"241","104","1623"
"242","3272","1943"
"243","1744","1415"
"244","2215","3889"
"245","1847","1634"
"246","2427","3406"
"247","3046","441"
"248","2949","2788"
"249","1692","3455"
"250","2890","3326"
"251","2394","431"
"252","3902","64"
"253","1373","3822"
"254","351","2345"
"255","3253","3304"
"256","1608","3402"
"257","1315","2276"
"258","3571","3505"
"259","1196","3114"
"260","2245","534"
"261","1610","3264"
"262","1016","2021"
"263","397","802"
"264","797","3727"
"265","3901","276"
"266","2826","2740"
"267","2700","3908"
"268","1822","1080"
"269","766","3498"
"270","959","2577"
"271","2724","2000"
"272","3236","1441"
"273","2743","1079"
"274","1420","107"
"275","1890","549"
"276","1897","1828"
"277","471","1187"
"278","1506","558"
"279","3499","3791"
"280","1036","1993"
"281","854","1615"
"282","3832","1325"
"283","1895","1783"
"284","2759","905"
"285","1001","1364"
"286","3489","2666"
"287","3242","3715"
"288","330","1357"
"289","1224","2843"
"290","919","2100"
"291","3333","3970"
"292","3431","643"
"293","3141","2392"
"294","3044","2493"
"295","730","2368"
"296","1973","1810"
"297","779","1542"
"298","644","692"
"299","1423","2201"
"300","2465","1793"
"301","869","2729"
"302","272","1396"
"303","2348","2217"
"304","2577","3698"
"305","3860","1771"
"306","1687","2191"
"307","458","1066"
"308","827","1146"
"309","308","258"
"310","1381","1509"
"311","63","3894"
"312","2359","2985"
"313","829","3982"
"314","658","2661"
"315","1905","2832"
"316","3551","3146"
"317","944","1146"
"318","1326","1635"
"319","115","2016"
"320","717","134"
"321","1052","3123"
"322","2803","1749"
"323","890","1172"
"324","2534","3900"
"325","1983","1323"
"326","3632","3930"
"327","1460","3629"
"328","1003","20"
"329","1213","140"
"330","3174","1592"
"331","1485","501"
"332","1333","2893"
"333","793","2828"
"334","1724","3227"
"335","1186","3560"
"336","508","1286"
"337","57","2846"
"338","3325","3368"
"339","2501","394"
"340","1649","1159"
"341","3231","1737"
"342","2436","543"
"343","1077","1743"
"344","2123","1067"
"345","3170","1496"
"346","1430","868"
"347","3872","1666"
"348","3285","3679"
"349","3913","1395"
"350","1798","1651"
"351","2710","594"
"352","1976","1481"
"353","3987","627"
"354","2461","3640"
"355","423","2155"
"356","2561","1476"
"357","1421","917"
"358","3243","2722"
"359","3562","3635"
"360","1573","1084"
"361","607","459"
"362","2549","530"
"363","1002","1409"
"364","827","378"
"365","3900","2479"
"366","3834","3742"
"367","3135","1420"
"368","2614","1684"
"369","780","2348"
"370","1140","3447"
"371","659","3833"
"372","3901","549"
"373","413","3652"
"374","3433","2907"
"375","1993","3201"
"376","501","1753"
"377","958","1705"
"378","200","2828"
"379","441","3707"
"380","723","344"
"381","1383","3533"
"382","2848","1998"
"383","3590","3475"
"384","1705","768"
"385","2876","3081"
"386","422","3029"
"387","3073","2473"
"388","1494","3282"
"389","3736","2508"
"390","2503","3962"
"391","3165","3450"
"392","3201","915"
"393","2422","848"
"394","2859","81"
"395","2271","3592"
"396","1757","2805"
"397","339","553"
"398","2383","1843"
"399","2432","2782"
"400","3524","3818"
"401","3335","450"
"402","3005","930"
"403","373","1728"
"404","272","1883"
"405","3284","530"
"406","2307","3904"
"407","557","2084"
"408","930","712"
"409","3448","3440"
"410","2550","203"
"411","1057","3494"
"412","918","1584"
"413","1253","2444"
"414","534","1028"
"415","240","3375"
"416","2724","127"
"417","548","3238"
"418","1845","1693"
"419","712","812"
"420","2587","448"
"421","796","1396"
"422","2594","783"
"423","1629","3437"
"424","741","698"
"425","1364","2787"
"426","3621","3355"
"427","1168","3010"
"428","3982","1330"
"429","1080","2277"
"430","149","1531"
"431","1505","3121"
"432","1753","519"
"433","159","3156"
"434","3586","972"
"435","3348","2428"
"436","814","1726"
"437","2998","2042"
"438","881","2641"
"439","3500","16"
"440","2820","915"
"441","3298","2642"
"442","1253","834"
"443","188","2524"
"444","2762","2347"
"445","1691","2275"
"446","1785","67"
"447","2188","37"
"448","2729","3838"
"449","1565","1648"
"450","2727","487"
"451","3805","3473"
"452","790","456"
"453","1378","3049"
"454","947","2193"
"455","2988","2666"
"456","2804","1479"
"457","1693","1335"
"458","3574","384"
"459","3300","1418"
"460","1627","1136"
"461","3283","871"
"462","3441","1911"
"463","2366","1423"
"464","1651","2536"
"465","3573","1922"
"466","3719","1104"
"467","3348","753"
"468","1310","3123"
"469","1679","3613"
"470","524","1625"
"471","1007","363"
"472","3235","3268"
"473","2473","2728"
"474","328","221"
"475","3200","2769"
"476","3035","2177"
"477","968","2360"
"478","2733","1153"
"479","1114","1048"
"480","3048","2505"
"481","1846","210"
"482","764","403"
"483","1120","2433"
"484","3530","2564"
"485","1481","3037"
"486","874","490"
"487","1420","3011"
"488","3485","3564"
"489","3126","3274"
"490","973","2120"
"491","1858","147"
"492","2599","37"
"493","2430","61"
"494","953","3739"
"495","3766","1026"
"496","454","658"
"497","1943","20"
"498","3384","2005"
"499","1010","2524"
"500","3331","2423"
"501","2925","1736"
"502","3387","3508"
"503","421","3095"
"504","3716","1494"
"505","1013","718"
"506","2357","3005"
"507","802","1757"
"508","3910","3386"
"509","2588","3574"
"510","565","608"
"511","3709","782"
"512","391","3396"
"513","3130","2362"
"514","3419","1113"
"515","805","2240"
"516","2312","1624"
"517","409","2718"
"518","2709","3221"
"519","406","2700"
"520","3424","3211"
"521","2721","1072"
"522","61","3528"
"523","3171","3171"
"524","16","1366"
"525","2456","1018"
"526","1935","3055"
"527","3167","1602"
"528","3358","1450"
"529","2946","837"
"530","1894","1762"
"531","631","2149"
"532","1140","2935"
"533","801","2712"
"534","1797","3718"
"535","3039","3962"
"536","3330","1738"
"537","2556","2049"
"538","1957","3141"
"539","106","143"
"540","2278","1150"
"541","420","1840"
"542","2786","3963"
"543","1988","3211"
"544","1301","1604"
"545","2767","2906"
"546","2485","3022"
"547","20","1494"
"548","1272","78"
"549","3978","2107"
"550","1238","3762"
"551","1415","1600"
"552","1109","638"
"553","1417","2472"
"554","2582","540"
"555","3023","2970"
"556","1411","2218"
"557","3775","547"
"558","1347","3889"
"559","3014","2809"
"560","3908","713"
"561","1752","3034"
"562","3175","1449"
"563","2567","2075"
"564","411","1976"
"565","524","3316"
"566","2601","267"
"567","2531","1750"
"568","3843","2304"
"569","3894","1355"
"570","456","3205"
"571","3492","320"
"572","2712","3959"
"573","615","2510"
"574","495","2275"
"575","2431","2953"
"576","293","1890"
"577","3313","2692"
"578","2477","1722"
"579","3274","2937"
"580","2711","1917"
"581","1096","2127"
"582","3966","1335"
"583","2732","1713"
"584","3130","1492"
"585","175","2494"
"586","2504","499"
"587","3750","1"
"588","689","39"
"589","1597","3144"
"590","445","2576"
"591","460","3138"
"592","1471","2287"
"593","74","3927"
"594","2025","2446"
"595","1225","2951"
"596","2985","682"
"597","3744","1256"
"598","27","1400"
"599","50","2134"
"600","3481","2280"
"601","3516","2623"
"602","829","547"
"603","3018","2117"
"604","1638","615"
"605","3524","756"
"606","2423","1800"
"607","1167","3995"
"608","3296","1825"
"609","2673","1774"
"610","2417","3802"
"611","2456","2416"
"612","1200","113"
"613","2221","1186"
"614","592","3832"
"615","856","735"
"616","2537","2321"
"617","2972","1499"
"618","2407","2788"
"619","2447","2070"
"620","2323","2243"
"621","908","3119"
"622","1972","2404"
"623","3851","736"
"624","284","3257"
"625","2589","2140"
"626","3139","136"
"627","3129","1354"
"628","3651","3596"
"629","572","137"
"630","1905","3249"
"631","3282","1575"
"632","182","2397"
"633","1405","2671"
"634","957","2420"
"635","1778","1101"
"636","2952","3147"
"637","893","784"
"638","3868","1663"
"639","3981","3439"
"640","1177","655"
"641","1302","2657"
"642","201","943"
"643","3662","1657"
"644","3794","2295"
"645","297","2007"
"646","1498","591"
"647","901","2758"
"648","2004","2848"
"649","3447","3863"
"650","1784","2932"
"651","962","3238"
"652","762","3834"
"653","771","3790"
"654","2042","1734"
"655","3673","404"
"656","1563","3510"
"657","1347","3687"
"658","3738","839"
"659","3226","3238"
"660","1937","773"
"661","3617","2893"
"662","1333","3165"
"663","3624","2534"
"664","3836","3072"
"665","238","1249"
"666","846","246"
"667","3435","2673"
"668","3027","3823"
"669","2517","3045"
"670","1118","2837"
"671","857","3639"
"672","1275","2427"
"673","3705","3438"
"674","959","2693"
"675","23","3103"
"676","3681","2944"
"677","1314","2332"
"678","3691","2029"
"679","1117","12"
"680","2160","1872"
"681","2322","2622"
"682","1831","1684"
"683","3978","2006"
"684","1237","1427"
"685","473","1836"
"686","1166","79"
"687","2820","246"
"688","2477","2381"
"689","1622","3672"
"690","2415","3604"
"691","2168","3414"
"692","932","3617"
"693","2352","564"
"694","443","3987"
"695","1826","498"
"696","3849","457"
"697","3271","861"
"698","1813","2191"
"699","5","2700"
"700","349","3883"
"701","3519","512"
"702","2002","3797"
"703","2447","3702"
"704","1606","1302"
"705","3160","3385"
"706","165","3663"
"707","1886","2928"
"708","3945","2978"
"709","3115","3248"
"710","195","1265"
"711","3821","1295"
"712","3047","3095"
"713","759","2960"
"714","3346","901"
"715","2076","3620"
"716","232","3110"
"717","3274","3099"
"718","3910","1220"
"719","3225","3600"
"720","3688","3673"
"721","1360","2900"
"722","2660","271"
"723","6","1605"
"724","3085","1334"
"725","3950","1250"
"726","1320","3090"
"727","1224","3019"
"728","1379","3585"
"729","2885","2062"
"730","2040","2768"
"731","3421","2325"
"732","3584","1185"
"733","3010","2225"
"734","3439","3473"
"735","3487","1548"
"736","248","1467"
"737","1362","3505"
"738","293","283"
"739","680","786"
"740","1929","1051"
"741","1346","3116"
"742","122","717"
"743","1595","2553"
"744","2742","1871"
"745","216","1197"
"746","3280","1901"
"747","2591","3871"
"748","961","2966"
"749","2764","3617"
"750","1553","3371"
"751","176","3081"
"752","528","1658"
"753","2634","2"
"754","1177","2802"
"755","1094","2529"
"756","473","274"
"757","1166","3141"
"758","2670","2665"
"759","920","528"
"760","812","1722"
"761","1225","31"
"762","119","3341"
"763","1019","141"
"764","1852","424"
"765","3328","3856"
"766","3607","3356"
"767","158","3874"
"768","3081","1806"
"769","3559","2996"
"770","3519","749"
"771","3230","3561"
"772","2940","3594"
"773","3690","1304"
"774","2194","2666"
"775","1012","3824"
"776","1163","2721"
"777","152","2434"
"778","3114","2995"
"779","2008","603"
"780","3358","2814"
"781","3551","1492"
"782","3796","125"
"783","3902","1570"
"784","2155","3972"
"785","3928","3125"
"786","2774","690"
"787","2821","3278"
"788","497","2270"
"789","1965","1787"
"790","1010","3784"
"791","1063","679"
"792","1552","2017"
"793","1034","3852"
"794","2026","1831"
"795","297","955"
"796","1361","2697"
"797","1439","2119"
"798","3376","1139"
"799","3452","3383"
"800","1218","1346"
"801","1967","3939"
"802","3328","467"
"803","3937","1302"
"804","101","1354"
"805","1783","977"
"806","772","2475"
"807","1752","3712"
"808","873","1780"
"809","2803","1862"
"810","119","1111"
"811","1426","2522"
"812","163","3332"
"813","2869","2815"
"814","3675","1756"
"815","217","832"
"816","1325","3172"
"817","366","2495"
"818","3491","2471"
"819","2965","3207"
"820","1075","1030"
"821","2142","2340"
"822","3281","3412"
"823","3898","1755"
"824","1649","51"
"825","3849","2760"
"826","1507","2600"
"827","1475","2881"
"828","1861","3125"
"829","2974","115"
"830","1531","3488"
"831","3555","844"
"832","2219","1169"
"833","1991","501"
"834","3593","7"
"835","3455","4"
"836","763","3273"
"837","1865","1134"
"838","2523","2060"
"839","3511","2109"
"840","2591","1778"
"841","3082","3792"
"842","2213","2862"
"843","1956","2320"
"844","2297","3125"
"845","2708","1009"
"846","3796","1573"
"847","1719","1688"
"848","3475","3473"
"849","2612","262"
"850","3246","3817"
"851","1656","831"
"852","1732","660"
"853","3110","1187"
"854","2630","3534"
"855","2506","1201"
"856","1056","3212"
"857","678","3382"
"858","613","249"
"859","1658","2136"
"860","608","579"
"861","1861","2815"
"862","2654","741"
"863","638","1744"
"864","158","1523"
"865","2202","2622"
"866","1252","1889"
"867","1001","1914"
"868","372","3372"
"869","431","2326"
"870","2843","720"
"871","3821","3209"
"872","3092","39"
"873","731","2626"
"874","3932","2832"
"875","673","2615"
"876","3753","396"
"877","1245","2471"
"878","1183","2674"
"879","3914","1105"
"880","1161","2963"
"881","631","1158"
"882","220","1999"
"883","724","3535"
"884","1592","3994"
"885","1932","3450"
"886","394","3965"
"887","1723","754"
"888","3145","33"
"889","2266","3740"
"890","3706","2529"
"891","3430","3630"
"892","1752","2394"
"893","2089","2146"
"894","508","2840"
"895","3874","2165"
"896","2059","74"
"897","87","2260"
"898","716","2559"
"899","274","915"
"900","2893","2628"
"901","350","2772"
"902","3792","3948"
"903","3925","1679"
"904","1885","871"
"905","2305","57"
"906","2811","1420"
"907","1568","1958"
"908","2587","2382"
"909","2221","1035"
"910","1433","3515"
"911","1532","1411"
"912","3785","1434"
"913","1301","3739"
"914","3610","266"
"915","1923","2982"
"916","2336","1136"
"917","1129","1526"
"918","2916","2678"
"919","1462","3172"
"920","3846","3232"
"921","3910","848"
"922","67","1778"
"923","943","3739"
"924","3524","393"
"925","3266","2599"
"926","688","1051"
"927","3204","2706"
"928","3089","3532"
"929","159","3006"
"930","1786","1082"
"931","3250","3677"
"932","3388","3305"
"933","3055","1988"
"934","585","850"
"935","1440","1787"
"936","1977","2808"
"937","1031","2170"
"938","2559","3848"
"939","2483","880"
"940","2209","769"
"941","2817","3798"
"942","2254","2885"
"943","1666","2545"
"944","2360","1790"
"945","3611","1023"
"946","3531","3159"
"947","309","527"
"948","1025","939"
"949","2003","935"
"950","1536","195"
"951","287","3472"
"952","516","736"
"953","183","2971"
"954","3405","107"
"955","1709","3852"
"956","2696","1384"
"957","2748","56"
"958","3396","2179"
"959","313","419"
"960","1328","2053"
"961","1736","1245"
"962","3005","2902"
"963","2034","129"
"964","1895","1124"
"965","1687","2765"
"966","1450","3475"
"967","626","1346"
"968","3777","952"
"969","1088","3288"
"970","2377","3291"
"971","2071","349"
"972","1497","1878"
"973","2098","3387"
"974","681","1667"
"975","2976","2878"
"976","1866","2051"
"977","2314","1181"
"978","783","1266"
"979","1018","45"
"980","115","2438"
"981","437","3510"
"982","2021","3925"
"983","549","927"
"984","3304","2259"
"985","3514","757"
"986","3511","72"
"987","3938","1447"
"988","2115","2761"
"989","3536","1665"
"990","484","1473"
"991","1405","3936"
"992","1549","1786"
"993","2635","488"
"994","3336","3241"
"995","2282","3662"
"996","2374","1942"
"997","1406","3868"
"998","544","2901"
"999","1935","1491"
"1000","3823","1567"
"1001","1858","3718"
"1002","3287","3193"
"1003","1243","3359"
"1004","2557","2756"
"1005","1711","1507"
"1006","1469","1638"
"1007","3763","2313"
"1008","1056","3165"
"1009","3039","3452"
"1010","292","2625"
"1011","1098","2349"
"1012","2312","391"
"1013","3193","1003"
"1014","2530","2192"
"1015","1585","3554"
"1016","1930","197"
"1017","2675","1798"
"1018","3449","583"
"1019","316","3697"
"1020","3773","331"
"1021","3071","683"
"1022","847","1126"
"1023","3315","3314"
"1024","3182","715"
"1025","160","3663"
"1026","2479","968"
"1027","1272","2517"
"1028","223","1811"
"1029","3513","2864"
"1030","498","3958"
"1031","3593","1828"
"1032","3733","3181"
"1033","2871","841"
"1034","613","2171"
"1035","135","2931"
"1036","971","530"
"1037","233","1728"
"1038","3880","593"
"1039","2194","3839"
"1040","2148","2590"
"1041","887","364"
"1042","1449","2105"
"1043","2895","1728"
"1044","1004","3251"
"1045","1036","3653"
"1046","2399","510"
"1047","61","409"
"1048","3844","3417"
"1049","333","3584"
"1050","2917","1995"
"1051","3575","3471"
"1052","1102","107"
"1053","3356","2336"
"1054","759","3589"
"1055","26","2981"
"1056","2441","2323"
"1057","1061","1802"
"1058","1056","2021"
"1059","2756","2265"
"1060","3053","3747"
"1061","3438","2653"
"1062","1506","3237"
"1063","3401","1386"
"1064","1300","1417"
"1065","1525","2544"
"1066","1814","855"
"1067","1461","2189"
"1068","1807","2873"
"1069","2965","845"
"1070","3573","1593"
"1071","3169","195"
"1072","2808","3579"
"1073","2106","2947"
"1074","292","2988"
"1075","3322","3896"
"1076","2368","3384"
"1077","206","238"
"1078","1494","1714"
"1079","3476","1153"
"1080","545","1355"
"1081","3481","2509"
"1082","3606","2600"
"1083","3624","1920"
"1084","2561","3213"
"1085","1424","1873"
"1086","1930","2654"
"1087","1322","649"
"1088","3692","23"
"1089","1281","3342"
"1090","2576","3245"
"1091","282","311"
"1092","3229","31"
"1093","2515","856"
"1094","1197","2955"
"1095","294","1665"
"1096","3219","1285"
"1097","736","144"
"1098","1847","1722"
"1099","3706","360"
"1100","1157","771"
"1101","2130","3972"
"1102","209","682"
"1103","2064","20"
"1104","2940","1577"
"1105","1670","3617"
"1106","3177","2305"
"1107","610","2965"
"1108","2610","3398"
"1109","1424","3826"
"1110","2151","34"
"1111","468","3333"
"1112","3695","1406"
"1113","2762","1812"
"1114","3943","1967"
"1115","843","1299"
"1116","3042","2767"
"1117","1157","2854"
"1118","3667","3356"
"1119","3668","468"
"1120","1185","564"
"1121","2862","3891"
"1122","1713","59"
"1123","3760","639"
"1124","1627","3992"
"1125","2145","749"
"1126","1095","109"
"1127","2660","1820"
"1128","2621","1135"
"1129","1154","3093"
"1130","126","1145"
"1131","2261","1980"
"1132","3410","3029"
"1133","890","3093"
"1134","744","2276"
"1135","522","681"
"1136","1675","2738"
"1137","1319","2995"
"1138","3665","3280"
"1139","299","2186"
"1140","2407","1803"
"1141","1296","2913"
"1142","537","2850"
"1143","3530","2699"
"1144","2199","3500"
"1145","2533","1488"
"1146","1407","2217"
"1147","3296","746"
"1148","1754","3424"
"1149","3604","58"
"1150","1223","667"
"1151","2440","1870"
"1152","1905","3888"
"1153","2169","2282"
"1154","2884","3269"
"1155","2129","2962"
"1156","1200","710"
"1157","459","2149"
"1158","3482","816"
"1159","3760","2535"
"1160","660","3789"
"1161","1021","1865"
"1162","1084","1413"
"1163","175","186"
"1164","3971","1167"
"1165","2166","799"
"1166","2138","2745"
"1167","1112","1873"
"1168","1379","2801"
"1169","3039","3362"
"1170","2280","2303"
"1171","3137","3640"
"1172","3464","2315"
"1173","2900","1468"
"1174","1617","2444"
"1175","3346","2282"
"1176","2453","3016"
"1177","1748","26"
"1178","2579","788"
"1179","3085","169"
"1180","1238","3641"
"1181","1475","2628"
"1182","3844","350"
"1183","1","1462"
"1184","2129","2390"
"1185","3395","1982"
"1186","702","3482"
"1187","1182","66"
"1188","3314","1249"
"1189","3941","1588"
"1190","3823","3214"
"1191","2825","3849"
"1192","2799","135"
"1193","957","3740"
"1194","2653","532"
"1195","3122","1298"
"1196","1638","1207"
"1197","3468","672"
"1198","3522","3416"
"1199","1944","2563"
"1200","3846","1851"
"1201","2615","3943"
"1202","2607","681"
"1203","774","1747"
"1204","3149","767"
"1205","889","3837"
"1206","1779","3208"
"1207","3402","2244"
"1208","3997","762"
"1209","2932","1586"
"1210","903","3224"
"1211","3435","2890"
"1212","2556","1482"
"1213","3520","528"
"1214","2648","3390"
"1215","1066","2041"
"1216","781","1912"
"1217","1087","2454"
"1218","3163","2261"
"1219","2273","2319"
"1220","1434","828"
"1221","1370","3386"
"1222","1455","1956"
"1223","33","1577"
"1224","549","1541"
"1225","3068","1459"
"1226","2477","44"
"1227","3145","3935"
"1228","3611","66"
"1229","3145","1818"
"1230","3231","2479"
"1231","2810","2033"
"1232","2835","2602"
"1233","1241","555"
"1234","186","3974"
"1235","94","1008"
"1236","344","3119"
"1237","903","3115"
"1238","3850","3254"
"1239","1414","2126"
"1240","2837","2296"
"1241","1473","3481"
"1242","2736","2348"
"1243","612","1761"
"1244","1862","818"
"1245","2562","2636"
"1246","2110","2794"
"1247","2301","3498"
"1248","1037","1672"
"1249","3504","3848"
"1250","635","3677"
"1251","1056","3785"
"1252","1306","1501"
"1253","1397","99"
"1254","300","1098"
"1255","2418","239"
"1256","223","3138"
"1257","3290","1825"
"1258","74","2846"
"1259","3437","2566"
"1260","1677","1466"
"1261","1092","1785"
"1262","3109","2843"
"1263","2031","611"
"1264","532","2634"
"1265","291","3309"
"1266","256","3641"
"1267","1144","1450"
"1268","991","2329"
"1269","3403","936"
"1270","1081","1535"
"1271","2999","1466"
"1272","2692","1754"
"1273","3638","3011"
"1274","1904","1857"
"1275","3460","438"
"1276","1094","3110"
"1277","3657","1753"
"1278","321","2215"
"1279","954","1264"
"1280","1680","3193"
"1281","2796","2831"
"1282","950","871"
"1283","1054","2536"
"1284","659","54"
"1285","3020","3760"
"1286","172","682"
"1287","3669","3069"
"1288","2185","34"
"1289","3642","210"
"1290","1334","2376"
"1291","823","1757"
"1292","688","2067"
"1293","1026","215"
"1294","3952","2353"
"1295","2205","3594"
"1296","551","2608"
"1297","1416","2589"
"1298","2251","1042"
"1299","3798","778"
"1300","2363","3111"
"1301","3584","2150"
"1302","758","3864"
"1303","2366","3960"
"1304","2355","2501"
"1305","837","2202"
"1306","3041","3625"
"1307","2073","2569"
"1308","654","3814"
"1309","2418","2042"
"1310","1929","3458"
"1311","21","3994"
"1312","1192","2674"
"1313","1104","3887"
"1314","2639","102"
"1315","473","2165"
"1316","1492","2251"
"1317","3706","2365"
"1318","2021","1272"
"1319","967","2731"
"1320","2064","3836"
"1321","1937","3135"
"1322","158","1501"
"1323","2443","1204"
"1324","443","1086"
"1325","1701","3875"
"1326","3695","2135"
"1327","1143","614"
"1328","2562","51"
"1329","3762","91"
"1330","3565","2058"
"1331","3474","3811"
"1332","2742","1668"
"1333","850","3351"
"1334","2713","2730"
"1335","1123","1711"
"1336","701","3229"
"1337","2173","2778"
"1338","1287","1109"
"1339","1003","1043"
"1340","2433","344"
"1341","2670","2152"
"1342","467","409"
"1343","588","107"
"1344","3892","1430"
"1345","2475","733"
"1346","3612","2792"
"1347","3576","336"
"1348","619","2265"
"1349","2141","2564"
"1350","943","1521"
"1351","3941","3657"
"1352","979","3541"
"1353","3705","2592"
"1354","3193","1355"
"1355","2760","640"
"1356","2496","90"
"1357","2207","506"
"1358","3029","3936"
"1359","3976","78"
"1360","2055","2635"
"1361","2650","2643"
"1362","180","3370"
"1363","3631","402"
"1364","2787","2033"
"1365","2685","3645"
"1366","2408","1909"
"1367","2342","647"
"1368","2112","3121"
"1369","3976","537"
"1370","1007","3719"
"1371","3387","2275"
"1372","245","3982"
"1373","330","663"
"1374","123","21"
"1375","3085","1114"
"1376","3148","291"
"1377","662","1971"
"1378","1236","926"
"1379","2851","701"
"1380","2332","3964"
"1381","256","3911"
"1382","1910","3737"
"1383","3194","86"
"1384","1804","1026"
"1385","398","958"
"1386","2942","872"
"1387","3715","1028"
"1388","3556","3544"
"1389","1971","1226"
"1390","1433","2512"
"1391","1669","2"
"1392","3454","837"
"1393","1669","954"
"1394","1993","2919"
"1395","2142","3773"
"1396","758","290"
"1397","3228","3984"
"1398","3592","2081"
"1399","3592","2981"
"1400","1806","2153"
"1401","2213","2913"
"1402","3242","3412"
"1403","2010","3503"
"1404","2480","303"
"1405","656","3545"
"1406","2373","1756"
"1407","3065","1460"
"1408","3888","3006"
"1409","1982","3924"
"1410","2737","677"
"1411","3319","613"
"1412","3983","3201"
"1413","1940","523"
"1414","1719","1769"
"1415","3563","3907"
"1416","2311","250"
"1417","15","3015"
"1418","2770","3566"
"1419","1700","1475"
"1420","250","2703"
"1421","3693","1947"
"1422","3938","1508"
"1423","2102","2427"
"1424","917","2549"
"1425","2629","3178"
"1426","1767","3636"
"1427","505","1554"
"1428","922","3163"
"1429","46","1051"
"1430","2658","725"
"1431","3547","535"
"1432","2791","1343"
"1433","2344","1"
"1434","2076","2069"
"1435","1999","3425"
"1436","3918","2671"
"1437","1150","3824"
"1438","3782","703"
"1439","2353","1175"
"1440","1741","496"
"1441","931","1175"
"1442","1342","1686"
"1443","792","3388"
"1444","2679","1615"
"1445","930","572"
"1446","2950","1110"
"1447","124","3018"
"1448","432","446"
"1449","1492","2989"
"1450","272","623"
"1451","3783","2088"
"1452","2655","3143"
"1453","382","2352"
"1454","217","3051"
"1455","903","1730"
"1456","3777","543"
"1457","223","1969"
"1458","30","676"
"1459","1415","3081"
"1460","1993","1900"
"1461","3580","1397"
"1462","87","2469"
"1463","783","228"
"1464","298","1719"
"1465","3212","691"
"1466","2634","3443"
"1467","2520","1176"
"1468","2453","565"
"1469","1001","2981"
"1470","1106","2940"
"1471","3363","2696"
"1472","1631","3421"
"1473","3130","296"
"1474","471","824"
"1475","699","2399"
"1476","1737","1553"
"1477","1336","3134"
"1478","2511","2541"
"1479","3439","1830"
"1480","3179","3793"
"1481","2617","3856"
"1482","2772","1617"
"1483","1107","2709"
"1484","1158","2708"
"1485","2657","1868"
"1486","2038","2235"
"1487","1545","3406"
"1488","53","2376"
"1489","3449","3703"
"1490","2140","2480"
"1491","1824","3278"
"1492","3201","3682"
"1493","1818","1623"
"1494","2667","1743"
"1495","1389","1571"
"1496","1202","978"
"1497","1423","487"
"1498","3260","1515"
"1499","1535","2037"
"1500","2149","1087"
"1501","3188","2332"
"1502","458","3869"
"1503","3892","2184"
"1504","2155","2065"
"1505","2801","1694"
"1506","2109","2186"
"1507","3419","3198"
"1508","268","2785"
"1509","2571","317"
"1510","3497","2314"
"1511","807","2181"
"1512","3300","3422"
"1513","655","3525"
"1514","820","3537"
"1515","778","1710"
"1516","214","3129"
"1517","940","58"
"1518","1773","201"
"1519","1512","3674"
"1520","2781","3772"
"1521","1923","2032"
"1522","659","3329"
"1523","1457","1624"
"1524","1117","1576"
"1525","1524","809"
"1526","877","2144"
"1527","1035","2369"
"1528","3542","724"
"1529","1805","2508"
"1530","451","658"
"1531","2243","3339"
"1532","2690","2911"
"1533","2245","3031"
"1534","1202","2137"
"1535","2261","2496"
"1536","586","2492"
"1537","3253","1287"
"1538","2950","1887"
"1539","360","3826"
"1540","3945","1584"
"1541","2330","2174"
"1542","102","29"
"1543","1554","1655"
"1544","1586","1698"
"1545","3129","3711"
"1546","927","1505"
"1547","292","1695"
"1548","3987","119"
"1549","1872","257"
"1550","362","414"
"1551","2357","156"
"1552","2783","106"
"1553","57","1084"
"1554","3564","3782"
"1555","2658","624"
"1556","108","3127"
"1557","3509","2566"
"1558","3181","2278"
"1559","2627","2917"
"1560","3292","188"
"1561","3224","203"
"1562","3487","96"
"1563","3831","1010"
"1564","61","2012"
"1565","2751","979"
"1566","1309","2888"
"1567","2316","1722"
"1568","3098","969"
"1569","3521","536"
"1570","3024","1600"
"1571","2694","1919"
"1572","3468","639"
"1573","3235","705"
"1574","2411","1473"
"1575","798","3383"
"1576","3684","2177"
"1577","639","3106"
"1578","989","326"
"1579","2608","2278"
"1580","2112","55"
"1581","1918","241"
"1582","140","839"
"1583","2740","663"
"1584","2436","910"
"1585","2852","3614"
"1586","2764","3342"
"1587","925","3166"
"1588","677","3916"
"1589","2368","1232"
"1590","1129","566"
"1591","264","3069"
"1592","3786","3777"
"1593","1976","274"
"1594","3139","451"
"1595","3947","1059"
"1596","2761","2749"
"1597","1133","650"
"1598","2529","2702"
"1599","2506","3629"
"1600","1593","1740"
"1601","929","1407"
"1602","2399","2219"
"1603","3538","647"
"1604","3744","3786"
"1605","1493","2521"
"1606","523","590"
"1607","2764","1591"
"1608","3991","481"
"1609","2706","1226"
"1610","1171","127"
"1611","179","1023"
"1612","2732","749"
"1613","2855","2319"
"1614","1364","102"
"1615","2788","2727"
"1616","2133","2368"
"1617","2884","2099"
"1618","1935","1511"
"1619","870","445"
"1620","1730","2050"
"1621","360","984"
"1622","2271","3882"
"1623","2940","1576"
"1624","2480","3829"
"1625","1345","3639"
"1626","2697","12"
"1627","1691","2540"
"1628","2833","2491"
"1629","196","3514"
"1630","1466","2568"
"1631","1516","3465"
"1632","2491","3096"
"1633","825","1236"
"1634","1800","430"
"1635","3004","2982"
"1636","3882","1046"
"1637","2171","3178"
"1638","3109","82"
"1639","3113","3542"
"1640","2355","3355"
"1641","1138","1947"
"1642","1859","2861"
"1643","750","2497"
"1644","290","1"
"1645","254","424"
"1646","598","449"
"1647","373","775"
"1648","2951","511"
"1649","1433","3059"
"1650","1531","990"
"1651","774","2219"
"1652","555","2875"
"1653","867","1945"
"1654","182","794"
"1655","1757","3174"
"1656","1726","2218"
"1657","1353","96"
"1658","2773","3426"
"1659","2633","3057"
"1660","824","2693"
"1661","141","1960"
"1662","6","2318"
"1663","591","2175"
"1664","3140","3196"
"1665","1718","2893"
"1666","3226","2595"
"1667","3684","770"
"1668","3466","2643"
"1669","1969","1319"
"1670","60","826"
"1671","443","950"
"1672","864","1394"
"1673","62","1123"
"1674","2607","3550"
"1675","1550","2878"
"1676","3396","3824"
"1677","2850","2112"
"1678","2378","2474"
"1679","3648","2933"
"1680","3420","5"
"1681","329","3933"
"1682","3898","620"
"1683","2624","521"
"1684","1042","2229"
"1685","2646","623"
"1686","891","1151"
"1687","1454","3523"
"1688","3541","1575"
"1689","196","3852"
"1690","1634","3791"
"1691","1805","292"
"1692","3187","2145"
"1693","1991","3914"
"1694","3780","1069"
"1695","2372","3868"
"1696","1782","1781"
"1697","768","399"
"1698","3330","1354"
"1699","3363","2656"
"1700","562","843"
"1701","3330","987"
"1702","2691","1270"
"1703","951","673"
"1704","868","2807"
"1705","396","733"
"1706","2189","3351"
"1707","2966","2385"
"1708","2412","1263"
"1709","862","834"
"1710","1482","176"
"1711","2175","970"
"1712","788","87"
"1713","2920","1836"
"1714","1773","2777"
"1715","190","1574"
"1716","1440","3920"
"1717","2162","3503"
"1718","1099","21"
"1719","375","3654"
"1720","1271","3695"
"1721","402","2620"
"1722","3273","1469"
"1723","3336","2981"
"1724","1742","10"
"1725","2809","139"
"1726","510","2910"
"1727","1850","3093"
"1728","3180","3620"
"1729","69","479"
"1730","837","2213"
"1731","125","1054"
"1732","913","3605"
"1733","2114","316"
"1734","3052","621"
"1735","3708","3213"
"1736","1469","1135"
"1737","3953","2993"
"1738","2245","238"
"1739","1720","3399"
"1740","2246","3248"
"1741","2434","1564"
"1742","3601","2139"
"1743","233","800"
"1744","701","2659"
"1745","754","3093"
"1746","3005","692"
"1747","3773","363"
"1748","258","1469"
"1749","1108","3417"
"1750","1612","3467"
"1751","500","1351"
"1752","1949","2124"
"1753","1962","3074"
"1754","2737","1284"
"1755","3298","3603"
"1756","1724","525"
"1757","3134","505"
"1758","2867","2555"
"1759","3648","2794"
"1760","1254","1259"
"1761","626","1122"
"1762","1086","2175"
"1763","3379","1689"
"1764","1117","1847"
"1765","1925","1613"
"1766","951","3052"
"1767","3771","3890"
"1768","2810","1343"
"1769","281","3307"
"1770","3123","1280"
"1771","2567","3971"
"1772","995","2006"
"1773","1479","110"
"1774","2948","346"
"1775","2960","1809"
"1776","732","2525"
"1777","107","1593"
"1778","687","2472"
"1779","491","1892"
"1780","1415","3515"
"1781","993","1629"
"1782","304","373"
"1783","3682","3383"
"1784","1622","3350"
"1785","3826","2480"
"1786","3597","3931"
"1787","685","674"
"1788","3152","939"
"1789","1406","1346"
"1790","904","3725"
"1791","3113","1175"
"1792","2452","2913"
"1793","3871","3754"
"1794","1407","711"
"1795","3797","229"
"1796","700","2551"
"1797","431","1553"
"1798","2682","2909"
"1799","1613","582"
"1800","3692","2320"
"1801","1023","1541"
"1802","3151","1001"
"1803","2722","814"
"1804","1830","1724"
"1805","868","3104"
"1806","1158","1383"
"1807","2684","1750"
"1808","3996","3069"
"1809","2595","3500"
"1810","3394","2665"
"1811","3255","1725"
"1812","811","2100"
"1813","2910","2216"
"1814","3672","409"
"1815","3877","692"
"1816","3591","307"
"1817","2890","1752"
"1818","314","3429"
"1819","3519","2543"
"1820","1362","1384"
"1821","3655","3298"
"1822","3168","2857"
"1823","627","1364"
"1824","1764","3585"
"1825","1738","1077"
"1826","2301","3256"
"1827","3363","1348"
"1828","2594","2307"
"1829","667","762"
"1830","1782","3338"
"1831","661","3365"
"1832","1076","2105"
"1833","2823","240"
"1834","1014","2055"
"1835","2887","3533"
"1836","3468","2923"
"1837","2482","1334"
"1838","1868","3172"
"1839","2937","3739"
"1840","3200","672"
"1841","1811","2591"
"1842","1148","1718"
"1843","1892","543"
"1844","1209","3680"
"1845","37","549"
"1846","3653","3277"
"1847","635","496"
"1848","1718","3031"
"1849","3610","128"
"1850","1358","1502"
"1851","1847","3964"
"1852","1421","1812"
"1853","2006","2246"
"1854","1267","299"
"1855","2226","2460"
"1856","2964","1754"
"1857","2337","1495"
"1858","2553","3424"
"1859","89","2033"
"1860","3113","2227"
"1861","1138","488"
"1862","1878","611"
"1863","329","2105"
"1864","2498","2516"
"1865","1185","1985"
"1866","2667","1443"
"1867","1094","1195"
"1868","2106","1946"
"1869","3681","25"
"1870","1394","3059"
"1871","843","893"
"1872","1997","1168"
"1873","69","2844"
"1874","384","568"
"1875","682","539"
"1876","2510","2584"
"1877","2709","3923"
"1878","2981","1906"
"1879","1021","3697"
"1880","336","937"
"1881","2841","968"
"1882","2091","3086"
"1883","3035","892"
"1884","2321","1254"
"1885","1244","841"
"1886","983","2761"
"1887","2586","1252"
"1888","3608","3310"
"1889","305","1290"
"1890","629","3001"
"1891","1183","888"
"1892","1711","2001"
"1893","1066","2545"
"1894","757","257"
"1895","875","2261"
"1896","3135","1960"
"1897","1099","384"
"1898","1925","741"
"1899","3806","571"
"1900","2669","2444"
"1901","23","1715"
"1902","178","1161"
"1903","3128","216"
"1904","745","2022"
"1905","1230","639"
"1906","3334","3366"
"1907","523","3704"
"1908","2766","371"
"1909","3557","3901"
"1910","1863","3358"
"1911","851","824"
"1912","1025","1624"
"1913","1311","1533"
"1914","1480","1828"
"1915","3682","990"
"1916","2575","3733"
"1917","495","28"
"1918","2728","2353"
"1919","899","2586"
"1920","154","1060"
"1921","465","3014"
"1922","1548","924"
"1923","1321","2242"
"1924","1856","1221"
"1925","3788","2351"
"1926","3220","1003"
"1927","1855","2758"
"1928","3443","1759"
"1929","692","2073"
"1930","3833","3097"
"1931","2149","597"
"1932","514","62"
"1933","2826","3845"
"1934","887","131"
"1935","2848","2032"
"1936","1094","2266"
"1937","1482","2097"
"1938","1332","2743"
"1939","2944","3338"
"1940","20","1474"
"1941","630","2214"
"1942","2162","1955"
"1943","3677","3655"
"1944","875","3686"
"1945","3412","2252"
"1946","1829","826"
"1947","1318","1261"
"1948","2888","2986"
"1949","2170","3702"
"1950","918","3716"
"1951","3049","140"
"1952","486","174"
"1953","520","819"
"1954","1391","612"
"1955","1034","2737"
"1956","2576","391"
"1957","645","2463"
"1958","2902","3766"
"1959","1893","1424"
"1960","1608","661"
"1961","2991","1938"
"1962","30","1564"
"1963","2922","2239"
"1964","2820","3028"
"1965","472","1131"
"1966","281","1395"
"1967","3187","348"
"1968","960","601"
"1969","3799","262"
"1970","1577","2930"
"1971","1063","2303"
"1972","2534","3073"
"1973","1542","3879"
"1974","3746","774"
"1975","986","1865"
"1976","761","2524"
"1977","2031","2773"
"1978","2550","1786"
"1979","367","2877"
"1980","1372","1319"
"1981","3493","167"
"1982","562","1818"
"1983","1672","3972"
"1984","2453","1861"
"1985","3047","2420"
"1986","1385","2893"
"1987","3382","2341"
"1988","89","3222"
"1989","675","2225"
"1990","485","3035"
"1991","1755","1020"
"1992","178","667"
"1993","3349","1711"
"1994","2709","2296"
"1995","367","875"
"1996","3209","2257"
"1997","1397","3265"
"1998","126","1936"
"1999","976","1509"
"2000","1602","683"
"2001","375","766"
"2002","2827","2334"
"2003","1518","2461"
"2004","138","1042"
"2005","3762","2480"
"2006","2899","113"
"2007","237","3069"
"2008","2518","48"
"2009","325","3726"
"2010","332","1384"
"2011","1326","759"
"2012","1249","94"
"2013","2547","1007"
"2014","2166","1178"
"2015","1107","3584"
"2016","3996","1897"
"2017","2676","3151"
"2018","3756","1650"
"2019","1282","1836"
"2020","2455","1646"
"2021","758","3079"
"2022","756","628"
"2023","160","3819"
"2024","2847","3619"
"2025","1162","2091"
"2026","3868","3237"
"2027","174","65"
"2028","202","2614"
"2029","3009","1935"
"2030","30","3647"
"2031","457","2782"
"2032","382","184"
"2033","2527","2031"
"2034","204","1479"
"2035","879","1835"
"2036","561","495"
"2037","2147","1901"
"2038","3127","3036"
"2039","1950","1358"
"2040","2536","3243"
"2041","709","3299"
"2042","2248","3132"
"2043","1777","1171"
"2044","3107","2611"
"2045","1749","1984"
"2046","3707","3620"
"2047","2406","1607"
"2048","1168","3866"
"2049","1250","3216"
"2050","27","1907"
"2051","8","3603"
"2052","1971","3360"
"2053","2339","2993"
"2054","2961","2431"
"2055","3233","3969"
"2056","3014","964"
"2057","404","15"
"2058","658","50"
"2059","1416","1857"
"2060","849","2588"
"2061","3177","898"
"2062","1659","3610"
"2063","3235","1232"
"2064","3833","2385"
"2065","910","2137"
"2066","571","2327"
"2067","3300","241"
"2068","540","256"
"2069","512","100"
"2070","158","1004"
"2071","689","377"
"2072","3000","268"
"2073","807","2558"
"2074","3953","2326"
"2075","1394","442"
"2076","891","2669"
"2077","2672","3762"
"2078","482","3955"
"2079","3276","1350"
"2080","878","3205"
"2081","2681","1600"
"2082","371","842"
"2083","3871","2068"
"2084","3362","1166"
"2085","3701","1253"
"2086","594","3984"
"2087","76","3140"
"2088","327","3860"
"2089","3803","129"
"2090","471","3949"
"2091","410","1589"
"2092","2650","3001"
"2093","206","775"
"2094","3903","3765"
"2095","1030","1308"
"2096","2940","2112"
"2097","2881","1766"
"2098","3671","383"
"2099","378","15"
"2100","3604","150"
"2101","1271","346"
"2102","361","2140"
"2103","2014","1818"
"2104","340","643"
"2105","2804","1945"
"2106","511","3197"
"2107","2108","1384"
"2108","2258","685"
"2109","1997","97"
"2110","3732","1842"
"2111","557","672"
"2112","1119","72"
"2113","1721","1009"
"2114","1135","3005"
"2115","1971","1146"
"2116","511","962"
"2117","2446","3234"
"2118","316","3773"
"2119","3971","52"
"2120","3343","681"
"2121","2328","1587"
"2122","3258","98"
"2123","3779","115"
"2124","2293","2629"
"2125","2155","2488"
"2126","1199","3352"
"2127","952","1600"
"2128","3525","202"
"2129","137","2832"
"2130","2863","3897"
"2131","94","2346"
"2132","3983","1219"
"2133","1874","3950"
"2134","844","521"
"2135","1575","3898"
"2136","2555","1961"
"2137","2507","2759"
"2138","2708","3738"
"2139","36","534"
"2140","2751","3342"
"2141","1341","3618"
"2142","3972","2512"
"2143","1329","1991"
"2144","532","2818"
"2145","3641","590"
"2146","899","2045"
"2147","2356","265"
"2148","2838","356"
"2149","1570","204"
"2150","1124","3281"
"2151","2320","1303"
"2152","2855","2157"
"2153","1563","191"
"2154","1613","2978"
"2155","681","638"
"2156","1808","3229"
"2157","2488","2078"
"2158","758","2014"
"2159","3377","516"
"2160","2839","391"
"2161","3504","3992"
"2162","3063","1500"
"2163","1311","2204"
"2164","1780","1336"
"2165","3699","2594"
"2166","2058","727"
"2167","1770","1503"
"2168","55","306"
"2169","451","3894"
"2170","3464","2365"
"2171","3533","1230"
"2172","2246","95"
"2173","3597","3163"
"2174","2266","1036"
"2175","1205","638"
"2176","1953","1050"
"2177","1045","3225"
"2178","3654","3284"
"2179","3049","639"
"2180","1120","2914"
"2181","1615","3119"
"2182","2661","3624"
"2183","1313","1852"
"2184","720","1705"
"2185","2932","463"
"2186","908","382"
"2187","3064","3874"
"2188","2562","800"
"2189","3716","1794"
"2190","3222","1435"
"2191","524","2805"
"2192","2696","1166"
"2193","323","3914"
"2194","1820","1075"
"2195","2325","2647"
"2196","3790","1239"
"2197","2101","149"
"2198","2286","240"
"2199","2374","2316"
"2200","3805","1190"
"2201","1789","892"
"2202","1439","2394"
"2203","1427","2823"
"2204","3384","607"
"2205","149","72"
"2206","708","2200"
"2207","3352","3273"
"2208","3316","1265"
"2209","2573","2257"
"2210","3972","2583"
"2211","2415","3641"
"2212","2046","202"
"2213","2458","2647"
"2214","2114","2820"
"2215","1232","399"
"2216","2174","3160"
"2217","2072","2012"
"2218","1171","1795"
"2219","2199","920"
"2220","1947","813"
"2221","167","1087"
"2222","1136","2134"
"2223","168","2965"
"2224","1190","1073"
"2225","2827","3647"
"2226","530","2297"
"2227","3780","3888"
"2228","2616","3722"
"2229","1217","3579"
"2230","1568","3112"
"2231","2033","1249"
"2232","783","3031"
"2233","1835","3644"
"2234","2253","1491"
"2235","2267","1851"
"2236","535","3792"
"2237","3633","547"
"2238","3410","1161"
"2239","511","581"
"2240","1643","1964"
"2241","3421","1877"
"2242","90","921"
"2243","242","1454"
"2244","1593","1233"
"2245","2171","943"
"2246","2115","3542"
"2247","1924","3037"
"2248","1002","3395"
"2249","2035","2990"
"2250","1706","2646"
"2251","429","3807"
"2252","1343","363"
"2253","1159","177"
"2254","3248","3867"
"2255","973","3012"
"2256","2407","1958"
"2257","834","2159"
"2258","3493","1553"
"2259","3620","925"
"2260","3206","931"
"2261","96","3348"
"2262","1364","2838"
"2263","475","3545"
"2264","2435","2132"
"2265","2978","3778"
"2266","3023","2326"
"2267","2144","399"
"2268","244","3870"
"2269","2962","1244"
"2270","2738","243"
"2271","399","782"
"2272","2256","487"
"2273","3790","1562"
"2274","205","873"
"2275","2842","1923"
"2276","2551","2828"
"2277","2382","2853"
"2278","3767","2980"
"2279","3004","1166"
"2280","1540","1303"
"2281","3840","382"
"2282","2597","401"
"2283","3879","2408"
"2284","1192","3716"
"2285","3851","1312"
"2286","3924","3262"
"2287","1049","3744"
"2288","1680","2439"
"2289","2376","2312"
"2290","1633","662"
"2291","2431","15"
"2292","76","844"
"2293","104","3919"
"2294","910","3402"
"2295","3138","1149"
"2296","1733","2534"
"2297","394","2533"
"2298","2990","3745"
"2299","2636","220"
"2300","1521","3940"
"2301","3745","1578"
"2302","971","2948"
"2303","2318","2611"
"2304","2205","1804"
"2305","482","352"
"2306","1951","3309"
"2307","3196","3441"
"2308","2902","3271"
"2309","3307","3364"
"2310","932","930"
"2311","3377","129"
"2312","1636","3484"
"2313","166","2562"
"2314","3555","286"
"2315","2254","3069"
"2316","278","3164"
"2317","1148","1342"
"2318","3591","1555"
"2319","3419","3666"
"2320","145","584"
"2321","1966","2913"
"2322","1419","1920"
"2323","333","415"
"2324","2142","1889"
"2325","1413","2021"
"2326","2934","3366"
"2327","55","2429"
"2328","1696","2271"
"2329","3828","578"
"2330","966","3930"
"2331","39","1057"
"2332","1561","1952"
"2333","481","244"
"2334","2924","423"
"2335","3993","336"
"2336","2882","2629"
"2337","2340","2254"
"2338","2099","725"
"2339","3107","2346"
"2340","2529","502"
"2341","60","2913"
"2342","2116","1849"
"2343","3994","2173"
"2344","3272","3371"
"2345","439","1398"
"2346","2561","601"
"2347","2035","1003"
"2348","225","418"
"2349","2539","3891"
"2350","3512","3285"
"2351","3352","461"
"2352","3135","3623"
"2353","1766","1931"
"2354","3479","2313"
"2355","3668","757"
"2356","3687","1241"
"2357","886","455"
"2358","209","2393"
"2359","2280","2017"
"2360","2123","2797"
"2361","3101","1458"
"2362","2174","3078"
"2363","222","408"
"2364","2075","709"
"2365","1950","2628"
"2366","3866","979"
"2367","1121","213"
"2368","1932","2209"
"2369","1959","869"
"2370","1488","1559"
"2371","2268","3403"
"2372","3686","2132"
"2373","461","264"
"2374","1676","1158"
"2375","2391","3252"
"2376","2662","1814"
"2377","1564","2844"
"2378","3532","2584"
"2379","2773","3826"
"2380","3092","1251"
"2381","3565","94"
"2382","269","1716"
"2383","2286","1235"
"2384","1300","2709"
"2385","1405","537"
"2386","298","266"
"2387","1269","3486"
"2388","924","3156"
"2389","3585","2231"
"2390","3503","3449"
"2391","261","1430"
"2392","2703","1620"
"2393","2818","1521"
"2394","212","3421"
"2395","973","449"
"2396","2365","2814"
"2397","3912","3232"
"2398","929","523"
"2399","3468","3936"
"2400","857","2599"
"2401","2518","2210"
"2402","3696","2450"
"2403","1437","340"
"2404","1806","1068"
"2405","3966","2378"
"2406","1847","301"
"2407","3540","3961"
"2408","788","3881"
"2409","525","2280"
"2410","401","1496"
"2411","2170","2530"
"2412","1018","1955"
"2413","2352","2610"
"2414","1813","143"
"2415","3693","917"
"2416","1301","1787"
"2417","1776","2556"
"2418","3761","2938"
"2419","559","2883"
"2420","2887","3909"
"2421","369","3486"
"2422","2157","3061"
"2423","2650","2940"
"2424","3504","1642"
"2425","2208","2950"
"2426","469","3494"
"2427","2334","2827"
"2428","1227","1116"
"2429","599","266"
"2430","102","1545"
"2431","3864","2613"
"2432","2609","2075"
"2433","1318","3546"
"2434","2755","1782"
"2435","39","142"
"2436","400","808"
"2437","407","126"
"2438","956","444"
"2439","1897","1764"
"2440","2304","3176"
"2441","2058","532"
"2442","3405","1139"
"2443","92","3987"
"2444","2014","3222"
"2445","2332","2582"
"2446","3769","1277"
"2447","3093","124"
"2448","2462","2993"
"2449","3273","3702"
"2450","3189","547"
"2451","1604","900"
"2452","449","1507"
"2453","1272","2576"
"2454","3241","3793"
"2455","193","3802"
"2456","1582","2976"
"2457","1673","3287"
"2458","678","104"
"2459","1185","3954"
"2460","613","2745"
"2461","1987","3792"
"2462","609","108"
"2463","338","648"
"2464","3852","3838"
"2465","1874","466"
"2466","524","3735"
"2467","1957","3179"
"2468","2330","1047"
"2469","1353","911"
"2470","3765","2179"
"2471","572","2824"
"2472","3307","50"
"2473","924","2706"
"2474","232","3135"
"2475","3272","1807"
"2476","653","2499"
"2477","1785","2633"
"2478","3001","467"
"2479","11","3585"
"2480","3799","2330"
"2481","468","730"
"2482","2959","333"
"2483","2036","3197"
"2484","2135","1889"
"2485","801","3424"
"2486","3787","1596"
"2487","2605","718"
"2488","2365","1579"
"2489","1566","3755"
"2490","663","2331"
"2491","2549","88"
"2492","2315","2598"
"2493","2077","2902"
"2494","823","3447"
"2495","3638","1733"
"2496","1823","3574"
"2497","3950","3225"
"2498","676","961"
"2499","2434","62"
"2500","1908","1451"
"2501","3006","3921"
"2502","1234","1757"
"2503","2102","2457"
"2504","3786","667"
"2505","3494","1278"
"2506","2025","3376"
"2507","1212","704"
"2508","906","3277"
"2509","2892","1547"
"2510","3707","3094"
"2511","1026","244"
"2512","2351","673"
"2513","1007","618"
"2514","808","3329"
"2515","2805","2216"
"2516","133","1754"
"2517","2153","2590"
"2518","2061","3162"
"2519","1167","925"
"2520","2239","1279"
"2521","2345","3226"
"2522","2263","170"
"2523","3221","2954"
"2524","351","2998"
"2525","246","933"
"2526","2167","3454"
"2527","1706","1933"
"2528","236","251"
"2529","2267","1280"
"2530","3336","3986"
"2531","2010","1155"
"2532","2237","1352"
"2533","1484","2606"
"2534","1583","213"
"2535","3802","3609"
"2536","2596","3815"
"2537","1726","164"
"2538","3453","964"
"2539","1003","3769"
"2540","2761","1703"
"2541","1005","2028"
"2542","1973","2352"
"2543","2356","212"
"2544","3638","3817"
"2545","277","1206"
"2546","2705","3423"
"2547","3083","848"
"2548","675","744"
"2549","3810","3543"
"2550","192","3858"
"2551","2983","2161"
"2552","1867","3899"
"2553","2856","314"
"2554","1856","2732"
"2555","2948","2968"
"2556","2891","1980"
"2557","2418","3380"
"2558","1674","2425"
"2559","241","3300"
"2560","656","3804"
"2561","1505","2134"
"2562","1007","3893"
"2563","1568","1223"
"2564","3724","388"
"2565","1727","1485"
"2566","2932","3984"
"2567","2451","2004"
"2568","608","1200"
"2569","3914","2905"
"2570","1691","752"
"2571","3620","3339"
"2572","1286","469"
"2573","1010","2890"
"2574","1439","862"
"2575","3034","834"
"2576","1940","251"
"2577","1577","1005"
"2578","756","3734"
"2579","3730","1319"
"2580","761","3705"
"2581","2004","3710"
"2582","731","3984"
"2583","2069","2098"
"2584","3678","1222"
"2585","1113","1749"
"2586","2959","1545"
"2587","3223","2172"
"2588","2719","1663"
"2589","2199","310"
"2590","2465","1921"
"2591","243","1977"
"2592","3004","388"
"2593","2339","415"
"2594","2191","489"
"2595","527","3453"
"2596","1486","612"
"2597","1873","2094"
"2598","1648","1613"
"2599","2875","2556"
"2600","2948","2100"
"2601","688","775"
"2602","3825","325"
"2603","2988","1128"
"2604","2723","1440"
"2605","1519","3760"
"2606","455","2946"
"2607","927","930"
"2608","472","147"
"2609","2003","3567"
"2610","646","515"
"2611","2641","801"
"2612","90","476"
"2613","1290","3778"
"2614","1715","864"
"2615","489","11"
"2616","2731","1062"
"2617","2413","691"
"2618","3332","478"
"2619","1261","452"
"2620","2680","1164"
"2621","1994","3159"
"2622","1872","3067"
"2623","3433","2986"
"2624","2695","3809"
"2625","1990","2872"
"2626","172","1834"
"2627","1890","3635"
"2628","3647","3372"
"2629","1117","378"
"2630","964","154"
"2631","365","2517"
"2632","1473","3671"
"2633","1727","2815"
"2634","3317","3438"
"2635","962","3975"
"2636","24","1578"
"2637","282","2870"
"2638","2748","3945"
"2639","715","1016"
"2640","248","1"
"2641","2263","3207"
"2642","3860","539"
"2643","1682","486"
"2644","2914","2878"
"2645","3874","642"
"2646","1895","1790"
"2647","1081","628"
"2648","1371","3613"
"2649","2930","321"
"2650","2292","103"
"2651","3698","2502"
"2652","3743","1663"
"2653","2553","2505"
"2654","1977","2191"
"2655","3655","3443"
"2656","3632","3024"
"2657","3500","1534"
"2658","1602","793"
"2659","14","3761"
"2660","2399","627"
"2661","1546","1530"
"2662","3185","660"
"2663","2458","3115"
"2664","496","2955"
"2665","3153","1739"
"2666","3101","1075"
"2667","324","3210"
"2668","1973","345"
"2669","3617","2515"
"2670","3629","1971"
"2671","3721","3617"
"2672","668","432"
"2673","2955","3303"
"2674","1211","2185"
"2675","1354","2947"
"2676","3426","3700"
"2677","2381","61"
"2678","861","1102"
"2679","2205","3727"
"2680","2933","249"
"2681","506","2479"
"2682","3564","2140"
"2683","2914","2333"
"2684","1812","1602"
"2685","516","2510"
"2686","742","2466"
"2687","2605","958"
"2688","3898","3721"
"2689","672","3641"
"2690","3351","3807"
"2691","1422","3551"
"2692","49","2901"
"2693","3543","2463"
"2694","835","901"
"2695","2965","77"
"2696","2236","3952"
"2697","2733","944"
"2698","3788","10"
"2699","3667","314"
"2700","3527","3035"
"2701","1645","1159"
"2702","1029","3424"
"2703","3225","3775"
"2704","2664","273"
"2705","2117","928"
"2706","1996","880"
"2707","2799","2851"
"2708","3314","1696"
"2709","2195","2766"
"2710","2409","3505"
"2711","895","1479"
"2712","573","2736"
"2713","3432","2635"
"2714","1209","2968"
"2715","1911","1198"
"2716","1947","1961"
"2717","455","2166"
"2718","1638","2173"
"2719","2921","2186"
"2720","3250","3289"
"2721","404","1580"
"2722","1857","1423"
"2723","2898","3095"
"2724","1695","2050"
"2725","3344","3032"
"2726","1131","1888"
"2727","1530","3846"
"2728","2012","2588"
"2729","2595","2986"
"2730","3232","191"
"2731","3717","3164"
"2732","2959","3126"
"2733","657","620"
"2734","1490","497"
"2735","3292","2966"
"2736","3490","2186"
"2737","799","882"
"2738","3379","2348"
"2739","2202","2317"
"2740","1645","1618"
"2741","1065","924"
"2742","2271","1018"
"2743","987","3348"
"2744","1430","392"
"2745","2355","1791"
"2746","446","1419"
"2747","106","1609"
"2748","1151","622"
"2749","1557","84"
"2750","1379","2231"
"2751","854","1885"
"2752","520","830"
"2753","2962","3777"
"2754","3250","2013"
"2755","1470","475"
"2756","3991","1990"
"2757","2663","1338"
"2758","3475","1312"
"2759","2507","1298"
"2760","2605","2037"
"2761","241","3922"
"2762","3641","2805"
"2763","3452","2641"
"2764","3141","3871"
"2765","429","1633"
"2766","270","1095"
"2767","3063","3615"
"2768","3944","2771"
"2769","1202","872"
"2770","3861","3859"
"2771","1906","1465"
"2772","2735","3518"
"2773","2814","1979"
"2774","3033","564"
"2775","2225","317"
"2776","1809","3986"
"2777","2729","2048"
"2778","890","3954"
"2779","3423","2942"
"2780","2681","838"
"2781","3052","2978"
"2782","2190","909"
"2783","3621","3254"
"2784","1244","412"
"2785","1976","1785"
"2786","3137","524"
"2787","690","3837"
"2788","2699","3977"
"2789","3597","415"
"2790","3605","133"
"2791","2104","1362"
"2792","570","3925"
"2793","3737","1496"
"2794","1410","771"
"2795","2900","2880"
"2796","3730","162"
"2797","348","3611"
"2798","2280","2782"
"2799","387","1562"
"2800","3174","722"
"2801","2967","648"
"2802","1366","25"
"2803","2168","157"
"2804","935","2655"
"2805","525","3678"
"2806","1077","599"
"2807","2909","1514"
"2808","2852","1452"
"2809","320","1353"
"2810","1316","1377"
"2811","3473","1271"
"2812","3025","1087"
"2813","3244","707"
"2814","1288","2743"
"2815","3327","343"
"2816","1396","1010"
"2817","1917","1980"
"2818","1293","1207"
"2819","1208","1203"
"2820","25","2400"
"2821","3156","2389"
"2822","3508","844"
"2823","3665","3391"
"2824","3092","804"
"2825","162","2979"
"2826","2519","1831"
"2827","2291","1709"
"2828","2232","1842"
"2829","3707","1512"
"2830","1329","3235"
"2831","294","2763"
"2832","574","1779"
"2833","214","684"
"2834","788","242"
"2835","1840","3596"
"2836","3537","1869"
"2837","3020","2875"
"2838","3860","1914"
"2839","1174","1454"
"2840","128","2772"
"2841","2142","2102"
"2842","1021","282"
"2843","690","2240"
"2844","408","944"
"2845","3261","3488"
"2846","929","37"
"2847","2476","3250"
"2848","1773","1125"
"2849","1517","781"
"2850","2215","2056"
"2851","3389","565"
"2852","726","886"
"2853","3085","55"
"2854","1928","2823"
"2855","1494","2883"
"2856","1930","2446"
"2857","1670","2007"
"2858","1009","1554"
"2859","135","3514"
"2860","2836","3992"
"2861","2289","809"
"2862","3491","3994"
"2863","270","2753"
"2864","3997","709"
"2865","1985","2134"
"2866","1747","2775"
"2867","2195","3683"
"2868","155","1264"
"2869","1516","3815"
"2870","2409","3164"
"2871","2786","2275"
"2872","73","3328"
"2873","1261","1647"
"2874","976","1761"
"2875","3773","1131"
"2876","3749","834"
"2877","376","47"
"2878","2070","3241"
"2879","2056","694"
"2880","1875","1743"
"2881","1156","999"
"2882","1296","1645"
"2883","631","2176"
"2884","2076","82"
"2885","321","1195"
"2886","79","3927"
"2887","2415","3582"
"2888","1478","2348"
"2889","657","3066"
"2890","1595","42"
"2891","1010","71"
"2892","3871","2961"
"2893","2768","1001"
"2894","2186","1196"
"2895","2336","39"
"2896","1065","1140"
"2897","1091","2612"
"2898","2447","579"
"2899","2210","2803"
"2900","2509","2953"
"2901","1396","2580"
"2902","2733","3465"
"2903","3538","270"
"2904","3400","3526"
"2905","2427","2998"
"2906","1749","1295"
"2907","531","3842"
"2908","199","143"
"2909","2270","1550"
"2910","3065","3998"
"2911","3853","762"
"2912","1187","856"
"2913","1029","2872"
"2914","2874","1772"
"2915","3062","2503"
"2916","3520","3105"
"2917","2831","3548"
"2918","2603","325"
"2919","2652","3328"
"2920","967","1894"
"2921","1829","3672"
"2922","3458","1408"
"2923","2500","675"
"2924","2603","1539"
"2925","3279","1621"
"2926","2634","2636"
"2927","1431","435"
"2928","1126","1805"
"2929","3258","1281"
"2930","3746","269"
"2931","585","1813"
"2932","3104","3027"
"2933","2360","1810"
"2934","3552","1295"
"2935","2558","3665"
"2936","3162","1420"
"2937","997","3957"
"2938","3970","2935"
"2939","1119","2701"
"2940","1279","246"
"2941","2782","1566"
"2942","2724","2525"
"2943","781","1426"
"2944","3706","2621"
"2945","89","645"
"2946","1323","820"
"2947","592","2035"
"2948","2716","3748"
"2949","991","1845"
"2950","2242","3265"
"2951","3149","298"
"2952","142","2297"
"2953","3245","287"
"2954","1258","3265"
"2955","1727","3410"
"2956","611","3822"
"2957","1883","2390"
"2958","2899","2117"
"2959","2012","2614"
"2960","1406","2047"
"2961","915","1682"
"2962","1036","965"
"2963","2276","2647"
"2964","332","3747"
"2965","2554","1908"
"2966","577","303"
"2967","3477","1559"
"2968","2600","3278"
"2969","544","1302"
"2970","1248","2107"
"2971","3286","3789"
"2972","1355","2108"
"2973","2352","741"
"2974","1118","131"
"2975","1679","192"
"2976","3797","2662"
"2977","356","838"
"2978","2889","430"
"2979","3922","849"
"2980","771","2873"
"2981","3253","2122"
"2982","3188","2403"
"2983","824","3274"
"2984","1341","3398"
"2985","3227","2415"
"2986","1121","3078"
"2987","3349","622"
"2988","1651","2209"
"2989","3900","3850"
"2990","1639","1179"
"2991","708","3812"
"2992","2869","867"
"2993","477","969"
"2994","3490","2802"
"2995","3094","3751"
"2996","3176","2408"
"2997","3400","192"
"2998","2533","2424"
"2999","2823","1532"
"3000","3835","32"
"3001","3712","1088"
"3002","2129","3703"
"3003","2439","3853"
"3004","1255","2216"
"3005","1432","1066"
"3006","3521","1106"
"3007","3118","2692"
"3008","271","1581"
"3009","12","1274"
"3010","632","175"
"3011","1484","3802"
"3012","875","3524"
"3013","3703","2410"
"3014","3690","2200"
"3015","1173","3982"
"3016","743","1248"
"3017","3059","1207"
"3018","2195","1897"
"3019","766","343"
"3020","2003","2712"
"3021","3362","2663"
"3022","782","1341"
"3023","556","3366"
"3024","3251","2863"
"3025","2608","3055"
"3026","3453","1610"
"3027","2479","2993"
"3028","2250","773"
"3029","1547","1226"
"3030","74","1774"
"3031","3073","2911"
"3032","1964","275"
"3033","213","465"
"3034","3730","2785"
"3035","1912","2896"
"3036","785","2632"
"3037","2661","1248"
"3038","3874","896"
"3039","798","1178"
"3040","1443","3514"
"3041","2315","2777"
"3042","3713","2991"
"3043","2099","874"
"3044","2977","2063"
"3045","1880","3876"
"3046","1932","1284"
"3047","550","3250"
"3048","2812","152"
"3049","2196","1207"
"3050","1407","1675"
"3051","1959","2932"
"3052","542","1057"
"3053","904","961"
"3054","1875","778"
"3055","1884","2545"
"3056","1244","3257"
"3057","457","1654"
"3058","1812","167"
"3059","3616","3459"
"3060","2443","3699"
"3061","3978","2901"
"3062","966","2276"
"3063","3820","3169"
"3064","165","2829"
"3065","1214","1736"
"3066","2818","3187"
"3067","3158","2273"
"3068","2503","2445"
"3069","666","2986"
"3070","62","2950"
"3071","3605","1468"
"3072","1687","2297"
"3073","3977","2439"
"3074","3762","394"
"3075","2502","268"
"3076","951","601"
"3077","3765","1086"
"3078","3679","2418"
"3079","3657","2819"
"3080","382","2341"
"3081","429","3811"
"3082","908","867"
"3083","1597","326"
"3084","2188","46"
"3085","993","3597"
"3086","1708","2471"
"3087","3969","2206"
"3088","2169","1043"
"3089","2970","2055"
"3090","1472","3133"
"3091","2052","3628"
"3092","737","206"
"3093","2481","1785"
"3094","1134","3374"
"3095","2189","2222"
"3096","1774","3502"
"3097","2166","546"
"3098","110","18"
"3099","3479","3173"
"3100","490","1529"
"3101","3502","1752"
"3102","612","3488"
"3103","645","3638"
"3104","3578","305"
"3105","3943","419"
"3106","3843","2565"
"3107","2226","3477"
"3108","3670","821"
"3109","987","493"
"3110","274","1596"
"3111","2013","1125"
"3112","2899","2482"
"3113","1606","3162"
"3114","1274","196"
"3115","1412","3302"
"3116","3715","74"
"3117","98","3905"
"3118","340","2340"
"3119","3545","3071"
"3120","1659","2506"
"3121","2934","3185"
"3122","660","3995"
"3123","2150","2777"
"3124","3299","2635"
"3125","1758","1869"
"3126","2216","1879"
"3127","2210","990"
"3128","3539","951"
"3129","1471","1649"
"3130","2435","750"
"3131","1197","2377"
"3132","3565","2056"
"3133","3937","3951"
"3134","3194","240"
"3135","3809","1479"
"3136","3390","149"
"3137","3268","3691"
"3138","176","360"
"3139","166","2796"
"3140","1235","2535"
"3141","1212","2538"
"3142","2261","745"
"3143","2670","39"
"3144","3741","2412"
"3145","3182","1848"
"3146","1678","148"
"3147","3431","1833"
"3148","3183","3899"
"3149","2946","1735"
"3150","2199","2208"
"3151","1129","3012"
"3152","1050","3245"
"3153","2","1229"
"3154","2812","2499"
"3155","3967","1110"
"3156","409","3914"
"3157","2309","2468"
"3158","594","1721"
"3159","1161","1643"
"3160","1533","3331"
"3161","2516","3671"
"3162","1084","1797"
"3163","572","2232"
"3164","3759","2162"
"3165","681","851"
"3166","1231","2404"
"3167","698","3043"
"3168","3083","45"
"3169","619","1333"
"3170","3806","663"
"3171","312","514"
"3172","2896","2799"
"3173","890","1681"
"3174","2099","1465"
"3175","1657","1922"
"3176","2780","2949"
"3177","919","455"
"3178","3839","350"
"3179","3425","3270"
"3180","2779","2343"
"3181","3628","397"
"3182","2764","193"
"3183","3508","1573"
"3184","249","3171"
"3185","994","2445"
"3186","3711","264"
"3187","2957","1459"
"3188","2002","3870"
"3189","1097","3997"
"3190","2322","2491"
"3191","1021","2226"
"3192","1010","3506"
"3193","435","37"
"3194","1275","1597"
"3195","3337","1602"
"3196","2365","1251"
"3197","53","669"
"3198","1968","2219"
"3199","1485","2853"
"3200","238","690"
"3201","2867","2898"
"3202","3971","3446"
"3203","3623","2728"
"3204","1233","635"
"3205","1905","3892"
"3206","1603","1339"
"3207","1847","145"
"3208","1926","1729"
"3209","2291","454"
"3210","847","3097"
"3211","3601","540"
"3212","1536","2730"
"3213","2001","666"
"3214","916","1270"
"3215","584","2619"
"3216","1007","2234"
"3217","1501","3766"
"3218","2175","2703"
"3219","623","1372"
"3220","2532","1043"
"3221","2970","2105"
"3222","1722","2291"
"3223","2202","1483"
"3224","1102","2774"
"3225","2498","1448"
"3226","1520","2815"
"3227","1425","2561"
"3228","2366","134"
"3229","186","2229"
"3230","2765","3414"
"3231","3742","25"
"3232","2910","179"
"3233","2075","3249"
"3234","546","238"
"3235","3036","2381"
"3236","2695","2685"
"3237","1206","3319"
"3238","372","3458"
"3239","571","2749"
"3240","373","415"
"3241","1759","3585"
"3242","2560","2251"
"3243","2564","3875"
"3244","3646","1640"
"3245","3389","3592"
"3246","3456","3944"
"3247","3317","1214"
"3248","189","3880"
"3249","3815","3684"
"3250","1500","1045"
"3251","2122","1642"
"3252","2719","669"
"3253","3434","1230"
"3254","385","2999"
"3255","92","1520"
"3256","3494","3808"
"3257","2868","2157"
"3258","2376","131"
"3259","2770","418"
"3260","2913","217"
"3261","2767","3566"
"3262","2117","1378"
"3263","480","2471"
"3264","1576","1368"
"3265","1292","1547"
"3266","3098","2487"
"3267","2551","1335"
"3268","1933","3746"
"3269","2890","3053"
"3270","3097","1437"
"3271","1456","1099"
"3272","2620","1278"
"3273","155","2333"
"3274","581","1846"
"3275","3618","1147"
"3276","2734","878"
"3277","1915","3715"
"3278","2958","3540"
"3279","648","20"
"3280","1083","1491"
"3281","317","2164"
"3282","1128","2842"
"3283","506","2003"
"3284","1782","1000"
"3285","72","1897"
"3286","233","3594"
"3287","1457","962"
"3288","1515","1672"
"3289","298","743"
"3290","3879","1080"
"3291","3995","1731"
"3292","3185","1843"
"3293","600","898"
"3294","966","386"
"3295","3891","153"
"3296","2709","2816"
"3297","168","3557"
"3298","1125","2767"
"3299","1238","3159"
"3300","2255","2846"
"3301","3013","2764"
"3302","829","300"
"3303","2212","3257"
"3304","2273","3559"
"3305","3690","1021"
"3306","153","3745"
"3307","1713","3227"
"3308","129","2586"
"3309","3548","1065"
"3310","1632","2674"
"3311","2638","3210"
"3312","2597","2651"
"3313","3788","1766"
"3314","92","2371"
"3315","3013","708"
"3316","1810","1486"
"3317","465","3474"
"3318","535","3010"
"3319","3253","958"
"3320","623","414"
"3321","829","1542"
"3322","1906","2052"
"3323","2594","2312"
"3324","2128","1319"
"3325","681","1954"
"3326","3277","617"
"3327","1180","3115"
"3328","2579","3639"
"3329","2769","3740"
"3330","2904","1105"
"3331","3287","3851"
"3332","1675","2005"
"3333","2752","735"
"3334","1646","746"
"3335","2704","1239"
"3336","762","3483"
"3337","2797","2488"
"3338","1056","1870"
"3339","3918","1124"
"3340","2804","3571"
"3341","3280","2658"
"3342","3455","576"
"3343","3758","3745"
"3344","3386","753"
"3345","3274","174"
"3346","119","519"
"3347","3391","3292"
"3348","197","298"
"3349","3812","1212"
"3350","384","3413"
"3351","1238","232"
"3352","1727","3782"
"3353","3053","2456"
"3354","3794","813"
"3355","3968","2080"
"3356","2386","3602"
"3357","1706","1840"
"3358","2677","581"
"3359","1428","3727"
"3360","1262","3777"
"3361","3059","2053"
"3362","2333","3889"
"3363","699","2217"
"3364","3741","559"
"3365","1523","1980"
"3366","364","2289"
"3367","2291","642"
"3368","3925","1840"
"3369","487","3830"
"3370","1030","3608"
"3371","1954","439"
"3372","1894","775"
"3373","1723","2756"
"3374","3545","1421"
"3375","3370","2393"
"3376","719","1492"
"3377","3559","1440"
"3378","2652","2977"
"3379","650","3799"
"3380","1494","2563"
"3381","986","324"
"3382","2064","3962"
"3383","3892","1815"
"3384","3490","599"
"3385","2391","3546"
"3386","3956","3174"
"3387","1365","2033"
"3388","49","2541"
"3389","1828","3133"
"3390","1282","2428"
"3391","2382","3041"
"3392","2535","3381"
"3393","3651","3172"
"3394","321","2350"
"3395","2095","1402"
"3396","3491","1652"
"3397","1245","2990"
"3398","1176","1893"
"3399","1224","3916"
"3400","1073","1695"
"3401","101","1054"
"3402","3862","153"
"3403","1562","186"
"3404","1552","2509"
"3405","3994","507"
"3406","2894","2937"
"3407","1621","3734"
"3408","133","2933"
"3409","2622","732"
"3410","410","1152"
"3411","1550","1554"
"3412","1532","191"
"3413","1201","1673"
"3414","2882","2405"
"3415","3686","3904"
"3416","3645","767"
"3417","1958","2408"
"3418","2315","3621"
"3419","2885","796"
"3420","1356","2030"
"3421","2973","2746"
"3422","572","2162"
"3423","1186","2029"
"3424","840","384"
"3425","773","1694"
"3426","3888","3381"
"3427","1033","396"
"3428","1273","3544"
"3429","2764","1613"
"3430","3445","1657"
"3431","2356","559"
"3432","2133","722"
"3433","2513","2725"
"3434","102","3641"
"3435","2328","408"
"3436","357","3497"
"3437","3937","3509"
"3438","2701","3071"
"3439","1502","2171"
"3440","1732","2136"
"3441","2044","1348"
"3442","1525","3470"
"3443","581","951"
"3444","2377","1635"
"3445","2509","2687"
"3446","1760","958"
"3447","1270","1254"
"3448","2484","2926"
"3449","1927","3494"
"3450","1950","657"
"3451","1838","2577"
"3452","478","2740"
"3453","2817","2140"
"3454","2121","3356"
"3455","3635","3520"
"3456","2863","513"
"3457","3365","1992"
"3458","2527","2007"
"3459","1989","819"
"3460","3623","2440"
"3461","271","107"
"3462","1013","2452"
"3463","439","3836"
"3464","1907","1006"
"3465","2043","1567"
"3466","161","1297"
"3467","3759","1478"
"3468","1332","2248"
"3469","1034","3301"
"3470","465","1031"
"3471","527","2349"
"3472","2672","123"
"3473","1742","3515"
"3474","2186","3789"
"3475","2778","1195"
"3476","3584","3604"
"3477","1094","134"
"3478","1253","3153"
"3479","2791","2242"
"3480","332","415"
"3481","854","1146"
"3482","2685","2390"
"3483","127","882"
"3484","627","3829"
"3485","205","1623"
"3486","3014","3219"
"3487","2449","2482"
"3488","2308","245"
"3489","654","3137"
"3490","247","1850"
"3491","3167","2410"
"3492","3657","3055"
"3493","318","3806"
"3494","2572","3355"
"3495","1205","3177"
"3496","2069","3375"
"3497","3815","2376"
"3498","852","83"
"3499","959","733"
"3500","3070","10"
"3501","3687","1902"
"3502","1301","2598"
"3503","749","3965"
"3504","81","1849"
"3505","571","1592"
"3506","3950","1634"
"3507","2370","563"
"3508","619","3081"
"3509","80","756"
"3510","443","52"
"3511","2135","1365"
"3512","684","1961"
"3513","3797","1955"
"3514","522","162"
"3515","3699","2191"
"3516","3999","1503"
"3517","1407","240"
"3518","466","554"
"3519","892","905"
"3520","3262","2495"
"3521","2126","376"
"3522","826","820"
"3523","3874","2385"
"3524","1718","960"
"3525","3072","721"
"3526","2516","2758"
"3527","2992","2099"
"3528","1404","372"
"3529","80","2683"
"3530","510","584"
"3531","1023","3714"
"3532","2169","1219"
"3533","1029","1240"
"3534","799","1420"
"3535","1785","1312"
"3536","1346","3146"
"3537","738","377"
"3538","3815","1992"
"3539","3974","1083"
"3540","2911","740"
"3541","1237","2612"
"3542","167","2012"
"3543","1166","1498"
"3544","3468","1742"
"3545","2468","184"
"3546","491","3886"
"3547","3644","100"
"3548","635","3374"
"3549","199","2394"
"3550","3329","20"
"3551","1197","411"
"3552","3442","1260"
"3553","3536","318"
"3554","2514","1049"
"3555","3327","2288"
"3556","2493","1079"
"3557","3561","1632"
"3558","3740","836"
"3559","1215","1997"
"3560","100","3981"
"3561","2680","3942"
"3562","226","3561"
"3563","1673","2691"
"3564","2386","2766"
"3565","3191","3381"
"3566","659","1398"
"3567","3055","3946"
"3568","3591","1668"
"3569","1261","762"
"3570","3256","1133"
"3571","3560","667"
"3572","776","763"
"3573","2544","79"
"3574","3249","708"
"3575","3618","3321"
"3576","3916","3311"
"3577","1364","3029"
"3578","1716","2234"
"3579","3892","3444"
"3580","2198","218"
"3581","1709","3577"
"3582","346","2000"
"3583","1958","196"
"3584","167","987"
"3585","3052","219"
"3586","621","2154"
"3587","1104","379"
"3588","527","1000"
"3589","2428","1583"
"3590","3811","705"
"3591","1655","1521"
"3592","3973","1030"
"3593","4","2653"
"3594","634","1056"
"3595","1780","658"
"3596","110","2213"
"3597","3586","3075"
"3598","3773","3849"
"3599","2137","3720"
"3600","1410","1121"
"3601","2977","2970"
"3602","109","280"
"3603","2521","2944"
"3604","1468","2823"
"3605","1888","2898"
"3606","2907","2850"
"3607","1052","29"
"3608","1238","2408"
"3609","3686","1009"
"3610","2520","2855"
"3611","703","645"
"3612","988","2495"
"3613","56","1718"
"3614","3121","3905"
"3615","2722","601"
"3616","3903","2122"
"3617","2065","2965"
"3618","1120","1415"
"3619","3818","975"
"3620","2229","2713"
"3621","3090","1436"
"3622","2504","1248"
"3623","3578","1736"
"3624","1086","2087"
"3625","2741","1761"
"3626","1992","1560"
"3627","1611","1437"
"3628","2539","3698"
"3629","1767","3983"
"3630","1895","3646"
"3631","1478","3909"
"3632","471","572"
"3633","3653","1739"
"3634","928","1807"
"3635","245","3057"
"3636","3256","1171"
"3637","1728","2175"
"3638","178","2802"
"3639","2888","1824"
"3640","1536","1383"
"3641","338","2661"
"3642","1309","423"
"3643","547","628"
"3644","519","387"
"3645","487","3218"
"3646","988","659"
"3647","2831","1119"
"3648","1332","689"
"3649","1241","538"
"3650","3535","262"
"3651","1163","2454"
"3652","2674","2767"
"3653","1049","3806"
"3654","1995","674"
"3655","2296","1426"
"3656","415","3077"
"3657","2977","1180"
"3658","2144","2823"
"3659","449","3373"
"3660","1570","3637"
"3661","2547","540"
"3662","1128","2829"
"3663","1735","155"
"3664","999","3435"
"3665","432","990"
"3666","2066","1504"
"3667","226","1453"
"3668","2373","3006"
"3669","2981","3650"
"3670","2580","279"
"3671","2426","3305"
"3672","1559","925"
"3673","2710","3992"
"3674","2886","1574"
"3675","2048","2818"
"3676","2925","1455"
"3677","869","1610"
"3678","139","448"
"3679","2118","439"
"3680","1009","317"
"3681","3287","300"
"3682","2732","816"
"3683","1940","3099"
"3684","2840","1226"
"3685","824","3339"
"3686","1793","717"
"3687","1168","2178"
"3688","812","3459"
"3689","2065","2848"
"3690","1146","3308"
"3691","1076","333"
"3692","1531","1026"
"3693","1752","3807"
"3694","2734","3580"
"3695","3835","1057"
"3696","356","793"
"3697","1016","3963"
"3698","826","2274"
"3699","2457","1608"
"3700","3629","2800"
"3701","2757","981"
"3702","2684","1176"
"3703","2324","395"
"3704","1194","2408"
"3705","1569","658"
"3706","1198","3297"
"3707","3548","3789"
"3708","1832","13"
"3709","3254","2298"
"3710","2677","1879"
"3711","1212","410"
"3712","3161","3290"
"3713","3803","3176"
"3714","637","446"
"3715","2","1605"
"3716","507","2542"
"3717","2929","419"
"3718","453","618"
"3719","3361","1696"
"3720","106","1347"
"3721","1173","655"
"3722","3205","1558"
"3723","1454","639"
"3724","3125","1459"
"3725","3333","777"
"3726","1319","3216"
"3727","1485","3131"
"3728","3958","1907"
"3729","584","687"
"3730","2630","2292"
"3731","2244","3304"
"3732","3631","67"
"3733","3809","1188"
"3734","3880","3938"
"3735","3226","1314"
"3736","3611","2450"
"3737","3900","1411"
"3738","1492","3297"
"3739","1746","3915"
"3740","3095","2639"
"3741","291","792"
"3742","748","1359"
"3743","3708","2072"
"3744","2146","719"
"3745","3561","152"
"3746","2119","79"
"3747","2149","47"
"3748","1325","3986"
"3749","563","1658"
"3750","1639","156"
"3751","2631","1925"
"3752","1920","3662"
"3753","3760","1902"
"3754","1857","3850"
"3755","2901","3974"
"3756","911","524"
"3757","1128","2683"
"3758","96","1259"
"3759","529","1540"
"3760","2968","1002"
"3761","1787","856"
"3762","1135","451"
"3763","1557","2044"
"3764","1506","3924"
"3765","2818","1076"
"3766","1731","3794"
"3767","2068","3780"
"3768","666","1276"
"3769","827","560"
"3770","1635","3224"
"3771","2641","3749"
"3772","914","1475"
"3773","3803","1104"
"3774","2284","3115"
"3775","587","1742"
"3776","2899","2996"
"3777","2293","1905"
"3778","3072","891"
"3779","3386","3171"
"3780","2196","862"
"3781","1021","3483"
"3782","230","3230"
"3783","1861","523"
"3784","1192","2321"
"3785","688","3881"
"3786","1596","3527"
"3787","2756","2162"
"3788","2421","1486"
"3789","872","1147"
"3790","3583","2746"
"3791","3487","2097"
"3792","1900","2788"
"3793","1733","819"
"3794","3221","2217"
"3795","1464","2279"
"3796","3452","2723"
"3797","3454","2505"
"3798","737","653"
"3799","2238","1618"
"3800","3786","1931"
"3801","1110","716"
"3802","3245","38"
"3803","3887","3701"
"3804","618","1519"
"3805","86","3600"
"3806","2239","3481"
"3807","1216","3097"
"3808","3688","1598"
"3809","1951","3652"
"3810","2915","3568"
"3811","1906","660"
"3812","1398","1014"
"3813","2796","2960"
"3814","2236","2291"
"3815","603","3938"
"3816","1629","2104"
"3817","1254","1959"
"3818","228","38"
"3819","403","1988"
"3820","597","1837"
"3821","670","495"
"3822","1830","358"
"3823","3544","495"
"3824","708","199"
"3825","2498","971"
"3826","3177","901"
"3827","2356","2378"
"3828","1100","1120"
"3829","551","543"
"3830","1060","602"
"3831","472","1693"
"3832","3271","1392"
"3833","3924","1934"
"3834","88","973"
"3835","2114","1370"
"3836","1210","1022"
"3837","3193","2891"
"3838","2411","1382"
"3839","1111","2861"
"3840","3249","3142"
"3841","2379","2805"
"3842","1116","1768"
"3843","1940","1776"
"3844","3595","3868"
"3845","55","687"
"3846","2482","1780"
"3847","1600","3621"
"3848","3343","2677"
"3849","2200","727"
"3850","2047","1909"
"3851","437","2659"
"3852","31","219"
"3853","2379","1878"
"3854","2365","183"
"3855","1437","2483"
"3856","2006","1466"
"3857","3861","2258"
"3858","1471","471"
"3859","821","3494"
"3860","1594","1830"
"3861","2107","1912"
"3862","3256","3103"
"3863","1728","2577"
"3864","1510","3710"
"3865","50","2776"
"3866","3736","227"
"3867","1400","3739"
"3868","448","1418"
"3869","3296","2719"
"3870","3217","2058"
"3871","2622","2614"
"3872","784","629"
"3873","2638","432"
"3874","89","110"
"3875","474","1490"
"3876","1723","3612"
"3877","2515","2981"
"3878","748","1202"
"3879","3495","3258"
"3880","3541","1173"
"3881","3325","3970"
"3882","3700","3283"
"3883","3623","2887"
"3884","483","2428"
"3885","3841","2369"
"3886","2335","570"
"3887","3161","1931"
"3888","16","1956"
"3889","1928","124"
"3890","3625","1184"
"3891","319","634"
"3892","325","24"
"3893","3754","1038"
"3894","1116","3541"
"3895","2918","2534"
"3896","1363","1660"
"3897","1106","3420"
"3898","576","3218"
"3899","708","2877"
"3900","132","3764"
"3901","2925","3824"
"3902","2979","3423"
"3903","3168","3507"
"3904","1987","1550"
"3905","1400","1719"
"3906","2431","90"
"3907","3239","363"
"3908","3456","1103"
"3909","56","1119"
"3910","702","3684"
"3911","770","673"
"3912","3955","2868"
"3913","1416","2113"
"3914","3302","2984"
"3915","1601","2998"
"3916","1559","3123"
"3917","3060","3812"
"3918","3602","114"
"3919","2660","2445"
"3920","145","507"
"3921","690","1061"
"3922","215","2363"
"3923","2015","3947"
"3924","3357","2215"
"3925","2185","2820"
"3926","537","3812"
"3927","3690","1682"
"3928","911","1514"
"3929","3476","2784"
"3930","3908","547"
"3931","1140","3601"
"3932","525","3146"
"3933","1288","2454"
"3934","1023","1463"
"3935","2945","2842"
"3936","1789","557"
"3937","1229","2373"
"3938","251","1452"
"3939","1723","1817"
"3940","1676","2312"
"3941","2997","1843"
"3942","3886","2310"
"3943","1932","489"
"3944","3661","3251"
"3945","1055","3542"
"3946","732","1781"
"3947","1393","1509"
"3948","1536","3725"
"3949","647","2287"
"3950","2930","633"
"3951","2238","1612"
"3952","1648","2440"
"3953","1605","347"
"3954","1656","2364"
"3955","3738","3106"
"3956","1338","3910"
"3957","2031","2427"
"3958","672","531"
"3959","618","3308"
"3960","3195","3182"
"3961","2342","3314"
"3962","1017","1477"
"3963","2522","2994"
"3964","3709","2745"
"3965","3580","3599"
"3966","2859","648"
"3967","1415","1433"
"3968","625","3152"
"3969","3563","3052"
"3970","2381","594"
"3971","1606","2531"
"3972","1574","1245"
"3973","2585","2817"
"3974","2370","3428"
"3975","2315","2298"
"3976","566","3568"
"3977","1452","2134"
"3978","1042","2871"
"3979","3034","3599"
"3980","1480","978"
"3981","2229","3204"
"3982","3906","3472"
"3983","1667","3047"
"3984","1831","3103"
"3985","3230","3357"
"3986","1881","392"
"3987","214","3988"
"3988","3556","2048"
"3989","3639","1638"
"3990","789","1561"
"3991","102","1595"
"3992","2027","2032"
"3993","854","3033"
"3994","1203","954"
"3995","2859","2723"
"3996","2662","96"
"3997","1518","3730"
"3998","3539","502"
"3999","1024","2275"
"4000","214","2126"
